ACERBI, CHRISTOPHER J,ACERBI, CHRISTOPHER JOHN
ACERBI, CHRISTOPHER JON
ACERBI, CHRISTOPHER,Residential: 
1286 40TH AVE
KENOSHA, WI 53144-2900
ADAMS, WILLIAM C,ADAMS, WILLIAM CECIL,Residential: 
4509 30TH AVE
KENOSHA, WI 53144
AGUSTIN, PRESLEY,AUGUSTINE, PRESLEY
AGUSTIN, PRESLEY NMI,Residential: 
4903 14TH AVE
KENOSHA, WI 53140-3299
AIELLO, JOSEPH D,AIELLO, JOSEPH DANIEL
AIELLO, JOE,Residential: 
6736 SHERIDAN RD APT 3
KENOSHA, WI 53143-1318
AIUPPY, WILLIAM C,AIUPPY, WILLIE
AIUPPY, WILLIAM CLAYTON
AIUPPY, BILL
AIUPPY, WILLIAMS
AIUPPY, WILLIAM,Residential: 
1407 SHERIDAN RD
KENOSHA, WI 53140
ALLEN, DAMIEN L,ALLEN, DAMIEN
ALLEN, DAMIEN LARAY
ALLEN, DAMIEN LARCY,Residential: 
4832 42ND AVE
KENOSHA, WI 53144-3550
ALLEN, DARIUS,THOMAS, BRYAN ISAC
ALLEN, BIG HEAD
ALLEN, DARIUS LASHUN
ALLEN, DARIUS L
ALLEN, D,Residential: 
4912 34TH AVE
KENOSHA, WI 53144-6715
ALVAREZ HERNANDEZ, ALEJANDRO,ALVAREZ, ALEJANDRO
ALVAREZHERNANDEZ, ALEJANDRO
HERNANDEZ, ALEJANDRO,Residential: 
4777 88TH AVE
KENOSHA, WI 53144-7439
ANDERSON, GARY D,ANDERSON, GARY DEAN,Residential: 
5711 7TH AVE APT 309
KENOSHA, WI 53140-4128
ANDERSON, SUSAN J,ANDERSON, SUSAN JAYNE
ANDERSON, SUSIE
MARTEAHL, SUSIE,Residential: 
2775 11TH PL UNIT 806
KENOSHA, WI 53140-6411
ANTHONY, JAMES G,ANTHONY, JAMES GREGORY
ANTHONY, JAMES GREG
ANTHONY, JAMES,Residential: 
4777 88TH AVE
KENOSHA, WI 53144-7439
ANTONY, MICHAEL,ANTONY, MICHAEL D
ANTONY, MICHAEL DOUGLAS,Residential: 
6504 SHERIDAN RD APT 4
KENOSHA, WI 53143-5041
ANZALDI, NICHOLAS A,ANZALDI, NICHOLAS ANTONIO
ANZALDI, NICK,Residential: 
7311 98TH AVE UNIT E
KENOSHA, WI 53142-8334
ANZALDUA, DEANGELO ANGEL,ANZALDUA, DEANGELO A
ANZALDUA, DEWANGELO ANGEL
ANZALDUA, DE ANGELO A
ANZALDUA, DE ANGELO A
ANZALDUA, DEANGELO,Residential: 
4016 31ST AVE
KENOSHA, WI 53144-1909
ARENDT, DOUGLAS P,ARENDT, DOUG
ARENDT, DOUGLAS PAUL,Residential: 
3124 13TH LN UNIT D
KENOSHA, WI 53144-3028
ASMA, TIMOTHY,ASMA, TIM
ASMA, TIMOTHY EDWARD
ASMA, TIMOTHY E
ASMA, TIM E
MOORE, TIMOTHY JOHN,Residential: 
2204 60TH ST APT 25
KENOSHA, WI 53140
ATES, SHAUGHN,ATES, SHAKIE
ATES, BEAN
ATES, SHAUGHN DEANTHONY
ATES, SHAUGHN D,Residential: 
6127 80TH PL
KENOSHA, WI 53142-1815
AUGUSTINE, JOSHUA,AUGUSTINE, JOSHUA SCOTT
AUGUSTINE, JOSHUA S
AUGUSTINE, JOSH,Residential: 
8116 22ND AVE
KENOSHA, WI 53143-6210
BARKS, JAMES E,BARKS, JAMES EVERETT,Residential: 
1507 74TH ST
KENOSHA, WI 53143
BARNES, ROBERT J,BARNES, ROBERT JOSEPH,Residential: 
2025 56TH ST APT 2
KENOSHA, WI 53140-3832
BARNES, WILLIAM E,BARNES, WILLIAM
BARNES, WILLIAM EDWARD,Residential: 
2204 60TH ST APT 7
KENOSHA, WI 53140-3800
BEALS, DAVID T,BEALS, DAVID THOMAS
BEALS, DAVID,Residential: 
6222 12TH AVE
KENOSHA, WI 53143-1129
BEALS, STEVEN D,BEALS, STEVE
BEALS, STEVEN DOUGLAS
BEALS, STEVE D
BEAL, STEEN DOUGLAS
BEAL, STEVEN DOUGLAS
BEALS, STEVENS DOUGLAS
SHUTTACH, BRAD B,Residential: 
2612 75TH ST
KENOSHA, WI 53143-5634
BELLOW, STEVEN,BELLOW, STEVEN MICHAEL
BELLOW, STEVEN M,Residential: 
1815 61ST ST APT 4
KENOSHA, WI 53143-4402
BELONGIA, LLOYD J,BELONGIA, LLOYD E
BELONGIA, LLOYD JOSEPH Jr.
BELONGIA, LLOYD EARL
BELONGIA, LLOYD Jr.
BELONGIA, LLOYD JOSEPH EARL
BELONGIA, LLOYD
BELONGIA, LLOYD JOSEPH
BELONGIA, LLOYD J Jr.
BELONGIA, LLOYD JE
BELONGIA, LLOYD JOSEPH E
BELONGIA, LLOYD E Jr.
BELONGIA, LLOYD JOSEPH EARL Jr.
BELONGIA, LLOYD J E,Residential: 
4777 88TH AVE
KENOSHA, WI 53144-7439
BEY, MUSTAFA E,BEY, MUSTAFA ELBAR,Residential: 
609 58TH ST APT 3
KENOSHA, WI 53140-4158
BOCK, SCOTTY J,BOCK, SCOTTY JAY
SKEETER, XX
BOCK, SCOTTY,Residential: 
5820 5TH AVE LOWR
KENOSHA, WI 53140-4212
BOLTER, JASON C,BOLTER, JASON CHAUNCY
BOLTER, JASON CHAUNCEY,Residential: 
5129 22ND AVE UPPR
KENOSHA, WI 53140-5926
BOLTON, KURTIS,BOLTON, KURTIS N
BOLTON, KURTIS NMI,Residential: 
4777 88TH AVE
KENOSHA, WI 53144-7439
BOLTON, LEONARD M,BOLTON, LEONARD
LEONARD, LEONARD MICHAEL
BOLTON, MIKE,Residential: 
5711 7TH AVE RM 307
KENOSHA, WI 53140-4128
BOOKER, DANIELLE,BOOKER, DAN
BOOKER, DANIELLE A
BOOKER, DEBO
BOOKER, DANIELLE ARVEL
BOOKER, DANIEL
BOOKER, DANIELLE ARUEL
BOOKER, DAZ,Residential: 
2103 53RD ST
KENOSHA, WI 53140-3566
BOOKER, LARRY T,BOOKER, TYRONE
BOOKER, LARRY
BOOKER, LARRY TYRONE,Residential: 
3930 30TH AVE
KENOSHA, WI 53144-1958
BOONE, MICHAEL C,BOONE, MICHAEL CLARENCE
BOONE, BOONE
BOONE, BOONIE
JOHNSON, MICHAEL C
BOONE, DADDY
BOONE, MICHAEL,Residential: 
4700 SHERIDAN RD
KENOSHA, WI 53140-3326
BOVEY, DARYL M,BOVEY, D
BOVEY, DARYL MATTHEW,Residential: 
6935 70TH CT UNIT 312
KENOSHA, WI 53142-1463
BRAIM, KELLY L,BRAIM, KELLY LOUISE
BRAIM, KELLY
HAMMOND, CHRISTINA
WALKER, CHRISTINA,Residential: 
5716 21ST AVE APT 6
KENOSHA, WI 53140-3882
BREDE, THEODORE R,BREDE, TED
BREDE, THEODORE ROLAND
BREDE, THEODORE,Residential: 
7112 43RD AVE
KENOSHA, WI 53142
BRIGGS, JAMES E,BRIGGS, JAMES EDWARD
BRIGGS, JIM
BRIGGS, JAMES,Residential: 
3819 78TH ST
KENOSHA, WI 53142-2105
BROESCH, MICHAEL T,BROESCH, MICHAEL THOMAS
BROESCH, MICHAEL,Residential: 
6934 55TH ST
KENOSHA, WI 53144-3758
BRUNETTE, MARC,BRUNETTE, MARC RUSSELL
BRUNETTE, MARC R
BRUNETTE, BRUNO,Residential: 
4013 8TH AVE
KENOSHA, WI 53140
BUCHANAN, ROBERT C,BUCHANAN, CHARLES
BUCHANAN, ROBERT
BUCHANNAN, ROBERT
BUCHANAN, ROBERT CHARLES
CHARLES, ROBERT,Residential: 
2204 60TH ST APT 19
KENOSHA, WI 53140-3859
BUENO, JACINTO V,VILLA, JACINTO
VILLA-BUENO, JACINTO
BUENO, JACINTO VILLA
BUENO, JACINTO
VILLABUENO, JACINTO JERONIMO
VILLA, JACINTO JERONIMO
VILLABUENO, JACINTO
BUENO, JACINTOVILLA,Residential: 
4777 88TH AVE
KENOSHA, WI 53144-7439
BUNCH, CHARLES W,BUNCH, WESLEY
BUNCH, CHARLES WESLEY
BUNCH, CHARLES WESLEY Sr.
BUNCH, CHARLES W Sr.,Residential: 
6902 52ND AVE
KENOSHA, WI 53142-1529
BUNKER, JAMES C,BUNKER, JAMES CANNON
BUNKER, JIM C,Residential: 
2204 60TH ST APT 5
KENOSHA, WI 53140-3855
CAMPOLO, MICHAEL A,CAMPOLO, MICHAEL ANTHONY
CAMPOLO, MICHEAL,Residential: 
9002 SHERIDAN RD LOT 178
KENOSHA, WI 53143-6911
CANCHOLA, JASON,CANCHOLA, JASON P
CANCHOLA, JASON PATRICK,Residential: 
7833 28TH AVE
KENOSHA, WI 53143-5621
CARR, DELANDO S,CARR, DELANDO SHAWN,Residential: 
2506 48TH ST
KENOSHA, WI 53140-5814
CHANG, VA,VANG, CHARLIE
CHANG, CHARLIE,Residential: 
4777 88TH AVE
KENOSHA, WI 53144-7439
CLANTON, BILLY D,CLANTON, BILLIE D
CLANTON, BILLY
CLANTON, BILLY DEE,Residential: 
3815 10TH AVE # 2
KENOSHA, WI 53140-5542
CLAY, RYAN J,CLAY, RYAN
CLAY, RYAN JAMES,Residential: 
1607 87TH ST
KENOSHA, WI 53143-6439
CODY, CHRISTOPHER,CODY, CHRISTOPHER ANDRE
CODY, CHRISTOPHER A
CODY, JUVY
CODY, CHRIS
CODY, BOSS
CODY, JUVI
CODY, CHRISTOPHE
CODY, PLAYBOY,Residential: 
6029 18TH AVE APT 10
KENOSHA, WI 53143-4424
COLE, JIMMIE,PARHAM, MORRIS
COLE, MORRIS
PARHAM, MORRIS H
COLE, JIMMIE Jr.
COLE, JIMMY
COLE, JIMMY Jr.,Residential: 
5112 PERSHING BLVD APT 104
KENOSHA, WI 53144-2069
COLEMAN, WILLIE J Jr.,COLEMAN, WILLIE JAMES
COLEMAN, MO
COLEMAN, WILLIE
COLEMAN, WILLIE J
COLEMAN, WILLIE Jr.
COLEMAN, WILLIE JAMES Jr.,Residential: 
4777 88TH AVE
KENOSHA, WI 53144-7439
COMBS, CHARLES R,COMBS, ROBERT
COMBS, BOBBIE R
COMBS, BOBBY
COMBS, BOBBY R
COMBS, CHARLES
COMBS, CHARLES ROBERT
COMBS, BOBBIE,Residential: 
6027 18TH AVE APT 1
KENOSHA, WI 53143-4424
CONHARTOWSKI, MICHAEL A,CONHARTOWSKI, MICHAEL ANTH
CONHARTOWSKI, MICHAEL ANTHONY,Residential: 
815 16TH PL APT 104
KENOSHA, WI 53140-4408
CONTRERAS, JUAN R Jr.,CONTRERAS, JUAN R
CONTRERAS, JUAN RAMON Jr.
CONTRERAS, JUAN Jr.
CONTRERAS, JUAN,Residential: 
10025 70TH ST
KENOSHA, WI 53142-8351
COOKS, JEWEL,COOKS, GERALD
COOKS, COOL J
COOKS, JEWEL NMI
COOKS, COOL
COOKS, COOL JAY,Residential: 
7019 44TH AVE
KENOSHA, WI 53142-1708
COULMAN, PETER,COULMAN, PETER P
COULMAN, PETER PAUL,Residential: 
2025 56TH ST APT 4
KENOSHA, WI 53140-3832
COVELLI, RYAN A,COVELLI, RYAN
COVELLI, RYAN ARTHUR,Residential: 
1751 18TH AVE
KENOSHA, WI 53140-1642
CRAWFORD, JIMMIE I,CRAWFORD, JIMMIE IRVING
CRAWFORD, JIMMIE E Jr.,Residential: 
6904 57TH AVE
KENOSHA, WI 53142-1542
CREAMER, ALLEN L III,CREAMER, ROY,Residential: 
5121 25TH AVE
KENOSHA, WI 53140-5827
CROSBY, BOBBY J,CROSBY, BOBBY JOE,Residential: 
6024 14TH AVE APT 2
KENOSHA, WI 53143-4414
CROSWELL, REGAN P,CROSWELL, REGGIE P
CROSWELL, REGGIE PETER
CROSWELL, REGAN PETER,Residential: 
1426 59TH ST APT 4
KENOSHA, WI 53140-3968
CROWELL, MARVIN E,RANTELL, MEC
CROWELL, MUGSY
RANTELL, MED
CROWELL, MARVIN EDWIN,Residential: 
5716 21ST AVE APT 8
KENOSHA, WI 53140-3882
CUTLER, MARK R Sr.,CUTLER, MARK R
CUTLER, MARK ROBERT Sr.
CUTLER, MARK ROBERT
CUTLER, MARK,Residential: 
6116 24TH AVE UPPR
KENOSHA, WI 53143-4308
CVENGROS, CORY,CVENGROS, CORY D,Residential: 
1601 57TH ST
KENOSHA, WI 53140
DANIEL, MARCELL L,POWELL, JOHN
DANIEL, MARCELL
DANIELS, MARCHELL LAVELL
DANIEL, WOP DOG
POWELL, JOHN LAVELL
DANIEL, MARCELL LAVELL
DANIEL, SIR MONEY
DANIELS, MARCHELL L
DANIL, MARCELL
MACK, DANIEL
DANIELS, MARCELL L
DANIEL, MARCELL LAVELE
DANIEL, MARCELL LEVELL
DANIELS, MARCHELL LAVELE
DANIELS, MARCELL
MACK, DANIEL LAVELL,Residential: 
4303 75TH ST LOT 58
KENOSHA, WI 53142-4253
DAVIS, IRA O,DAVIS, ICE
DAVIS, IRA
DAVIS, IRA OSHANE,Residential: 
6907 14TH AVE
KENOSHA, WI 53143-5443
DAVIS, TONY,DAVIS, TONY T
DAVIS, TONY TERREL
CRUNCHYBLACK
DAVIS, TONY TARREL,Residential: 
2102 62ND ST LOWR
KENOSHA, WI 53143-4450
DEBETTIGNIES, ERIC A,DE BETTIGNIES, ERIC A
DEBETTIGNIES, ERIC ALAN
DEBETTIGNIES, ERIC ALLEN
DEBETTIGNIES, ERIC,Residential: 
2020 89TH ST APT 4
KENOSHA, WI 53143-6734
DEFORD, DALE C,DEFORD, DALE
DEFORD, DALE CLARENCE
DE FORD, DALE C
DE FORD, DALE CLARENCE,Residential: 
2932 73RD ST APT 4
KENOSHA, WI 53143
DEFORD, LONNIE,DE FORD, L
DE FORD, LONNIE LANE
DE, L
DEFORD, STRINGS
FORD, L
DEFORD, LONNIE L
DEFORD, LONNIE LANE
DE FORD, LONNIE L
DE-FORD, L,Residential: 
5510 23RD AVE LOWR
KENOSHA, WI 53140
DELANEY, DALE R,DELANEY, DALE
DELANEY, JASON ROBERT
DELANEY, DALE ROBERT
DELANEY, JASON,Residential: 
4777 88TH AVE
KENOSHA, WI 53144-7439
DELEON, OSCAR,DE LEON, OSCAR,Residential: 
8350 57TH AVE
KENOSHA, WI 53142-4734
DELIK, JOHN,DELIK, JOHN M
DELIK, JOHN MICHAEL,Residential: 
2310 76TH ST
KENOSHA, WI 53143
DIAZ, ARNOLDO,CHICO
DIAZ, ARNOLD R
DIAZ, ARNOLDO R
DIAZ, CHICO
DIAZ, BUTTERFLY
CHICO, ARNOLDO
DIAZ, ARNOLD,Residential: 
6755 14TH AVE
KENOSHA, WI 53143-4943
DIGMAN, SEAN,DIGMAN, SEAN NMI,Residential: 
5503 41ST AVE
KENOSHA, WI 53144-3918
DILL, MICHAEL D,DILL, MIKE
DILL, MICHAEL DEAN
DILL, MICHAEL Jr.,Residential: 
5035 18TH AVE LOWR
KENOSHA, WI 53140-3217
DILLER, JOHN M,DILLER, JOHN MARK,Residential: 
2324 54TH ST
KENOSHA, WI 53140-3534
DION, RUSS,DION, RUSS H,Residential: 
6331 28TH AVE LOWR
KENOSHA, WI 53143-4609
DIXON, ROBERT H,DIXON, ROB
DIXON, ROBERT
DIXON, ROBERT HENRY
DIXON, ROBERT HENERY,Residential: 
1806 43RD ST
KENOSHA, WI 53140-2717
DOERFLER, JOSHUA D,DOERFLER, JOSH
DOERFLER, JOSHUA
DOERFLER, JOSHUA DENNIS,Residential: 
2115 52ND ST APT 3
KENOSHA, WI 53140-3113
DOERFLINGER, BENJAMIN,DOERFLINGER, BENJAMIN CARL
DOERFLINGER, BEN
DOERFLINGER, BENJAMIN C,Residential: 
1606 35TH ST
KENOSHA, WI 53140-5204
DOHMEN, THOMAS A,DOHMEN, TOM ALBEN
DOHMEN, THOMAS ALBEN Jr.
DOHMEN, TOM
DOHMEN, THOMAS
DOHMEN, THOMAS-ALBEN-JR ALBEN
DOHMEN, THOMAS ALBEN
DOHMEN, THOMASJR ALBEN
DOHMEN, THOMAS A Jr.
DOHMEN, THOMAS ALBIN
DOHMEN, JR ALBEN,Residential: 
4777 88TH AVE
KENOSHA, WI 53144-7439
DONAHUE, RICKY J,DONAHUE, RICKIE JOY
DONAHUE, RICKIE JAY
DONAHUE, RICKY JAY
DONAHUE, WOLFMAN
DONAHUE, RICK
DONAHUE, RICKIE J
DONAHUE, CAVEMAN,Residential: 
1805 60TH ST APT 6
KENOSHA, WI 53140-3962
DONNER, EDWARD J,DONNER, EDWARD JAY,Residential: 
6320 SHERIDAN RD LOWR
KENOSHA, WI 53143-5026
DOWNING, DAVID,DOWNING, DAVID L
DOWNING, DAVID LEE
DOWNING, DAVID D,Residential: 
6719 27TH AVE
KENOSHA, WI 53143
ECKMAN, BRENT D,ECKMAN, BRENT DALE
ECKMAN, BRENT
ECKMAN, HIPPY
ECKMAN, E.C.
ECKMAN, EAGLES,Residential: 
3707 ROOSEVELT RD
KENOSHA, WI 53142-1901
ESQUIVEL, JESUS T,TORRES, ESQUIVEL JESUS
ESQUIVEL, JESSE
ESQUIVEL-TORRES, JESUS
ESQUIVEL, JESSE TORRES
ESQUIVEL, JESUS TORRES
TORRES, ESQUIVEL J
ESQUIVEL, JESSE T
ESQUIVEL TORRES, JESUS
ESQUIVEL TORRES, JESUS NAZARENO,Residential: 
1618 52ND ST STOP 1
KENOSHA, WI 53140-3277
FIGUEROA, MARCIAL Sr.,FIGUEROA, MARCIAL
FIGUEROA, COOKIE
FIGUEROA, MARCIAL A,Residential: 
1713 53RD ST LOWR
KENOSHA, WI 53140-6036
FIMBRES, THOMAS G,THOMAS, WILLIAM
FIMBRES, THOMAS WILLIAM
WILSON, THOMAS G
FIMBRES, GILARDO T
FIMBRES, THOMAS GILARDO
FIMBRES, THOMAS W
FIMBRES, GALLARDO
FIMBRES, THOMAS WILSON
FIMBRES, TOM
FIMBERS, THOMAS WILSON
HARRIS, THOMAS
FIMBRES, TOMAS G
FIBRES, TOMAS G
FIMBRES, THMAS W
WILLIAM, TOMAS G
FIMBRES, THOMAS GILLARDO
HARRIS, TOMAS
FIMBRES, THOMAS GALLARDO
FIMBRES, TOMAS
FIMBRES, THOMAS GALLARD
WILLIAM, THOMAS G
FIMBRES, THOMAS
WILLIAM, THOMAS
HARRIS, TOMAS G
HARRIS, TOMMY
WILSON, THOMAS,Residential: 
3914 46TH ST
KENOSHA, WI 53144-3536
FLORES, PEDRO Sr.,FIERRO TORES, MANUEL
CABELLO, EL
VARGAS TORRES, MANUAL
FLORES, PEDRO S
ALANIZ, CARLOS
VARGAS TORRES, CARLOS
FLORES, CARLOS
FLORES, PEDRO
GARCIA, CARLOS
FLORES VELASQUEZ, JOSE
FLORES, PETER
QUINTERO ALONZA, SALVADOR
VASQUEZ, JOSE
FLORES, PETER S
VELASQUEZ, RODOLFO
FLORES, PETER Sr.
VASQUEZ, MARIO
QUINONES, ROBERTO
FLORES, RAUL,Residential: 
3916 SHERIDAN RD UPPR
KENOSHA, WI 53140-5559
FONDER, CHARLES L Jr.,FONDER, CHARLES
FONDER, CHARLES LEE Jr.
FONDER, CJ
FONDER, CHARLES L,Residential: 
4723 37TH AVE APT 1
KENOSHA, WI 53144-3641
FONDREN, WILLIE C,FONDER, WILLIE
JOHNSON, DAVID
FONDREN, WILLIE G
FONDER, JIMMY
LOTT, LARRY
FONDREW, WILLIE,Residential: 
6351 8TH AVE LOWR
KENOSHA, WI 53143-5030
FRANKFOURTH, ROBERT F III,FRANKFOURTH, WOLFMAN
FRANKFOURTH, ROBERT F
FRANKFOURTH, ROBERT
FRANKFOURTH, ROBERT FREDER
FRANKFOURTH, RADIO
FRANKFOURTH, WOLFIE,Residential: 
6029 18TH AVE # 3
KENOSHA, WI 53143-4424
GAITHER, MARTEESE L,GAITNER, MARTEESE L
GAITHER, MR.G
GAITHER, MARTEESE LAMAR
GAITHERS, MARTEESE
GAITHER, MARTESE L
JACKSON, MARIESSE
GAITHER, MARTEESE
GATHIER, MARTEESE L
GAITHER, KING DRIZZY,Residential: 
4777 88TH AVE
KENOSHA, WI 53144-7439
GALINDO SEGUNDO, ROBERTO,SEGUNDO, ROBERTO
GALINDO, ROBERTO SEGUNDO
GALINDO-SEGUNDO, ROBERTO
GONZALEZ-MARTINEZ, MARTIN
GALINDOSEGUNDO, ROBERTO
GALINDO, ROBERTO,Residential: 
4777 88TH AVE
KENOSHA, WI 53144-7439
GARCIA, JOSUE,GARCIA, JOSUE DOMINGO
GARCIA, JOSUE D
GARCIA, JOSH
GARCIA, JOSH DOMINGO
GARCIA, JOSH D,Residential: 
1617 57TH ST
KENOSHA, WI 53140-3942
GARDEN, CHRISTOPHER D,GARDEN, CHRIS D
GARDEN, CHRISTOPHER DONTAE
GARDEN, CHRISTOPHE
GARDEN, CBOY,Residential: 
1905 62ND ST LOWR
KENOSHA, WI 53143-4463
GASTON, RONNIE,GASTON, RONNIE N
GASTON, RONNIE LEAVELL
GASTON, SONNY
GASTON, RONNIE LEVELL,Residential: 
5310 24TH AVE APT 2
KENOSHA, WI 53140
GIBSON, KELVIN E,GIBSON, KELVIN,Residential: 
5233 32ND AVE
KENOSHA, WI 53144-4017
GIPSON, GLENN E,GIPSON, GLEN E
GIPSON, GLENN
GIBSON, GLENN EDWARD
GIPSON, GLENN EDWARD,Residential: 
6013 12TH AVE UPPR
KENOSHA, WI 53143-1126
GLASS, MARTINEZ M,MOORE, DESHON
MOORE, DE SHON
GLASS, MARTINEZE MARCUS
MARTINEZ, GLASS M
GLASS, MARTINEZE M,Residential: 
5711 7TH AVE APT 303
KENOSHA, WI 53140-4128
GOFF, LARRY G,GOFF, LARRY
GOFF, LARRY GLENN,Residential: 
801 64TH ST
KENOSHA, WI 53143-5035
GOMEZ, JOSE,GOMEZ, JOE
GAMEZ, JOE
BUSTAMONTE, JORGE
GOMEZ, JOSE V,Residential: 
1000 55TH ST
KENOSHA, WI 53140-3707
GONZALES, CARLOS,GONZALES, CARLOS NMI,Residential: 
4010 55TH AVE
KENOSHA, WI 53144
GONZALES, HAROLD,GONZALES, HAROLD JOSEPH
GONZALEZ, HAROLD J
GONZALES, HAROLD J
GONZALEZ, HAROLD JOSEPH,Residential: 
8515 32ND AVE APT 1
KENOSHA, WI 53142-5182
GRANT, BOBBY G,GRANT, ROBERTO
GRANT, BOBBY GENE,Residential: 
6905 67TH ST UNIT 208
KENOSHA, WI 53142
GREATHOUSE, WILLIAM K,,Residential: 
4118 22ND AVE
KENOSHA, WI 53140-2630
GRIMES, DENNIS L,GRIMES, DENNY
GRIMES, DENNIS LEE
GRIMES, DENNIS,Residential: 
1854 22ND AVE APT 602
KENOSHA, WI 53140
GRIMES, MELISSA N,GRIMES, MELISSA NICOLE,Residential: 
4502 88TH PL
KENOSHA, WI 53142-2450
GROSCH, RANDY A,GROSCH, RANDY ALLEN,Residential: 
1000 55TH ST
KENOSHA, WI 53140-3707
GROSS, MICHAEL W,GROSS, MICHAEL WARREN
GROSS, WALDO,Residential: 
9002 SHERIDAN RD LOT 169
KENOSHA, WI 53143-6909
GUERRA, TONY Jr.,GUERRA, TJ,Residential: 
8743 SHERIDAN RD LOT 80
KENOSHA, WI 53143-6551
GUZMANPIO, FRANCISCO,GUZMAN-PIO, FRANCISCO
GUZMAN, FRANCISCO PIO,Residential: 
4777 88TH AVE
KENOSHA, WI 53144-7439
HAIGHT, SHANNON J,HAIGHT, ALABAMA SLAMMER
HAIGHT, J
HAIGHT, ALABAMA SL,Residential: 
6024 23RD AVE
KENOSHA, WI 53143-4302
HALL, DONALD JAMES,HALL, DONALD J
HALL, DON J,Residential: 
6601 25TH AVE
KENOSHA, WI 53143-4722
HANSON, CHESTER,HANSON, CHESTER LAVERNE Jr.
HANSON, CHET
HANSON, CHESTER LAVERNE
HANSON, CHESTER L Jr.
HANSON, CHESTER L,Residential: 
6027 12TH AVE LOWR
KENOSHA, WI 53143-1126
HANSON, ROBERT C,,Residential: 
6100 24TH AVE APT 2
KENOSHA, WI 53143-4308
HARDIN, EUGENE Jr.,HARDIN, EUGENE
HARDIN, G MAC,Residential: 
2514 54TH ST LOWR
KENOSHA, WI 53140-3538
HEARD, DARRYL L,HEARD, DARYL
HEARD, DARRYL LAFONCE
HEARD, DARRYL
HEARD, DARRYL LAFONZ
HENED, DARRYL L,Residential: 
5711 7TH AVE APT 302
KENOSHA, WI 53140-4128
HENLEY, FREDERICK O,THOMPSON, MARK A
HENLEY, FREDRICK O
HENLEY, FREDERICK
CRUISE, MARK THOMPSON
THOMPSON, MARK
CRUISE, MARK T
HENLEY, CRUISE
CRUISE, CRUISE
HENLEY, SHADOW,Residential: 
5712 19TH AVE APT 2
KENOSHA, WI 53140-3960
HERRERA, KARINA,VALDEZ, KARINA
NUNEZ, KARINA,Residential: 
4305 53RD ST
KENOSHA, WI 53144-3908
HINES, KEITH L Jr.,HINES, MARCUS ANTHONY
HINES, KEITH LAMAR
HINES, KEITH
HINES, KEITH LAMAR Jr.
HINES, KEITH L
HINES, MARCUS
HINES, MARCUS ANTHONY Jr.,Residential: 
4822 24TH AVE UPPR
KENOSHA, WI 53140-5940
HOFFMAN, JEFFERY,HOFFMAN, JEFFERY L
HOFFMAN, JEFF
HOFFMAN, JEFFREY L,Residential: 
1426 59TH ST APT 7
KENOSHA, WI 53140
HOLLIS, PERRY H,HOLLIS, PERRY HARRISON
HOLLIS, P-FUNK
HOLLIS, PERRY,Residential: 
6100 24TH AVE APT 5
KENOSHA, WI 53143-4308
HOOKER, ELIJAH W,HOOKER, ELIJAH WAYNE
HOOKER, ELIJAH
HOOKER, EASY E,Residential: 
2204 60TH ST APT 26
KENOSHA, WI 53140-3860
HORNE, CRYSTAL K,BEDFORD, CRYSTAL,Residential: 
2205 65TH ST UPPR
KENOSHA, WI 53143-4836
HORSCHAK, LARRY L,HORSCHANK, LARRY L
HORSCHAK, LARRY LEE
HORSCHAK, LARRY
HORSCHANK, LARRY,Residential: 
2204 60TH ST APT 16
KENOSHA, WI 53140
HOYLE, ROBERT L,HOYLE, ROBERT LORIN,Residential: 
8400 SHERIDAN RD RM 132A
KENOSHA, WI 53143-6327
HUDSON, ARTHUR,HUDSON, JAZ
STONE, ARTHUR J
HUDSON, JOHN
HUDSON, ARTHUR J
HUDSON, JOHNNY
STONE, JOHN,Residential: 
6727 12TH AVE
KENOSHA, WI 53143-1303
HUMES, KEVIN J,HUMES, KEVIN JOSEPH
AGUILAR, KEVIN J,Residential: 
2107 53RD ST
KENOSHA, WI 53140-3566
HUMPHRES, LARRY,HUMPHRES, LARRY G
HUMPHRES, LARRY GENE,Residential: 
5226 43RD AVE APT 2
KENOSHA, WI 53144-3925
JACKSON, ISSAC,,Residential: 
6403 30TH AVE LOWR
KENOSHA, WI 53142-3401
JACKSON, KELVIN,JACKSON, KELVIN WILLIAM
MILLER, KARL
JACKSON, TWEET
JACKSON, JASON
JACKSON, KARL
JACKSON, KELVIN NMI
JACKSON, ROBERT
ARMSTRONG, MICHAEL
MILLER, CARL
JACKSON, TWEETY G
JACKSON, TWEETY,Residential: 
8949 17TH AVE
KENOSHA, WI 53143-6805
JACOBS, TYRISSE P,JACOBS, TYRISSE LAMAR
JACOBS, TYRISSE PIERRE
JACOBS, TYRISSE LAMAR PIERRE
JACOBS, TYRISSE,Residential: 
1000 55TH ST
KENOSHA, WI 53140-3707
JAMES, KEVIN D,JAMES, KEVIN
JAMES, KEVIN DOUGLAS,Residential: 
6100 24TH AVE APT 7
KENOSHA, WI 53143-4308
JAMESON, RICHARD W Jr.,JAMESON, RICHARD WILLIAM Jr.
JAMESON, RICHARD WILLIAM
JAMESON, DUANE
JAMESON, RICHARD W
JAMESON, RICHARD Jr.
JAMESON, RICHARD Jr.
JAMESON, PICKEY,Residential: 
6837 SHERIDAN RD
KENOSHA, WI 53143-1321
JENKINS, GOLDEN R,,Residential: 
3100 15TH ST APT 101
KENOSHA, WI 53144-3221
JENSEN, RONALD,JENSEN, RONALD L,Residential: 
4622 38TH AVE
KENOSHA, WI 53144
JOHNSON, ANTONIO X,JOHNSON, TONY
JOHNSON, ANTONIO
JOHNSON, ANTONIO X Sr.
JOHNSON, ANTONIO XAVIER Sr.
JOHNSON, ANTONIO XAVIER,Residential: 
1000 55TH ST
KENOSHA, WI 53140-3707
JOHNSON, JOHN W Sr.,JOHNSON, JOHN
JOHNSON, JOHN WESLEY
JOHNSON, JOHN WESLEY Sr.,Residential: 
7121 21ST AVE
KENOSHA, WI 53143-5310
JOHNSON, JOZIE J,JOHNSON, JOZIE JAMES
JOHNSON, JOZIE,Residential: 
2004 61ST ST
KENOSHA, WI 53143-4444
JOHNSON, LARRY,JOHNSON, DODEMITE
CHANCE
JOHNSON, LARRY NMI,Residential: 
4123 31ST AVE
KENOSHA, WI 53144-1910
JOHNSON, SHANE EVERETT,JOHNSON, BIGFACE,Residential: 
4777 88TH AVE
KENOSHA, WI 53144-7439
JOHNSON, THOMAS G,,Residential: 
1519 60TH ST
KENOSHA, WI 53140-3954
KEEGAN, RANDY A,KEEGAN, RANDY,Residential: 
6011 30TH AVE APT 4
KENOSHA, WI 53142-3300
KELLY, AARON N,KELLY, AARON NEIL,Residential: 
1455 39TH AVE
KENOSHA, WI 53144
KELLY, ROBBY A,KELLY, ROBERT A
KELLY, FAT CAT
KELLY, ROBERT
KELLY, TOO SHORT
KELLY, TOO COOL
KELLY, ROBBY ALLEN
KELLY, ROBBY
KELLY, SHORTY SMOOTH
KELLY, BOBBY
KELLY, BOBBY A,Residential: 
6011 30TH AVE APT 2
KENOSHA, WI 53142-3300
KERN, MATTHEW J,KERN, MATTHEW JOHN
KERN, MATT J,Residential: 
4725 8TH AVE UPPR
KENOSHA, WI 53140-3303
KETCHUM, THOMAS G,KETCHUM, TJ
KETCHUM, THOMAS GENE,Residential: 
4777 88TH AVE
KENOSHA, WI 53144-7439
KEYS, CHARLES W,KEYS, CHARLES,Residential: 
1856 22ND AVE APT 512
KENOSHA, WI 53140-1460
KIENBAUM, CASEY,,Residential: 
722 75TH ST
KENOSHA, WI 53143-6049
KIRNBAUER, ADAM M,KIRNBAUER, ADAM MATTHEW
KIRNBAUER, ADAM,Residential: 
7942 69TH AVE
KENOSHA, WI 53142-4041
KNIGHT, MICHAEL A,KNIGHT, MICHAEL
KNIGHT, MICHAEL ANTHONY,Residential: 
2312 63RD ST APT 206
KENOSHA, WI 53143-4357
KOSECKI, JASON P,KOSECKI, JASON PAUL,Residential: 
7830 18TH AVE
KENOSHA, WI 53143
KREBS, KENNETH C,KREBS, KAREN
KREBS, KENNETH
KREBS, KEN
KREBS, KENNETH CHARLES,Residential: 
5711 7TH AVE # 210
KENOSHA, WI 53140-4128
KRISTAL, LAWRENCE,KRISTAL, LAWRENCE MARK
KRISTAL, LAWRENCE M,Residential: 
1017 43RD ST
KENOSHA, WI 53140
LANDRETH, MICHAEL J,,Residential: 
973 SHERIDAN RD RM 1
KENOSHA, WI 53140-1112
LANDRY, TIMOTHY L,LANDRY, TIMOTHY
LANDRY, DRAMA
LANDRY, TIM
LANDRY, TIMOTHY LEROY,Residential: 
4047 29TH AVE
KENOSHA, WI 53140-2613
LAPOINT, KENNETH J,LAPOINT, KENNETH JAMES
LA POINT, KENNETH J,Residential: 
5716 19TH AVE
KENOSHA, WI 53140
LARACUENTE, JUSTO III,LARACUENTE, JUSTO NMI III
LARACUENTE, JUNEBUG
LARACUENTE, JUSTO
LARACUENTE, JUSTIN,Residential: 
4777 88TH AVE
KENOSHA, WI 53144-7439
LAST, SHERMAN P,LAST, SHERMAN PETER,Residential: 
6011 30TH AVE APT 4
KENOSHA, WI 53142-3300
LAURIE, TIMOTHY M,LAURIE, TIMOTHY MAXWELL
LAURIE, TIM,Residential: 
6414 10TH AVE
KENOSHA, WI 53143-5004
LEE, BYRON K,LEE, BRYON K
MCCLEAN, THOMAS
LEE, LIL MO
LEE, BYRON
LEE, MO
LEE, MOE
LEE, SCOOBY
LEE, MOSES
LEE, BYRON N
LEE, BYRON KEITH Sr.
LEE, BRYON,Residential: 
5524 22ND AVE
KENOSHA, WI 53140-3561
LENTOWSKI, ANTHONY J,LENTOWSKI, ANTHONY J Jr.
LENTOWSKI, LENNY
LENTOWSKI, TONY,Residential: 
6100 24TH AVE # 4
KENOSHA, WI 53143-4308
LENTZ, MARK,LENTZ, MARK J
LENTZ, MARK JEFFERY
LENTZ, MARKIE
LENTZ, SOLO,Residential: 
8925 26TH AVE
KENOSHA, WI 53143-6640
LEWALLEN, ANDREW M,LEWALLEN, ANDREW,Residential: 
2551 BUCHANAN RD LOWR
KENOSHA, WI 53143-1436
LEWIS, ANDREW A,COOKS, ANDREW
LEWIS, ANDREW
LEWIS, ANDREW EFFRAN
LEWIS, ANDREW ALFRED
LEWIS, ANDRE A
LEWIS, ANDY
COOKS, ANDREW ALFRED,Residential: 
1117 61ST ST # 2
KENOSHA, WI 53143-1104
LITZ, KEVIN,LITZ, KEVIN E,Residential: 
4107 22ND AVE LOWR
KENOSHA, WI 53140-2629
LLANAS, AUCENCIO,LLANAS, AUCENCIO MANRAL,Residential: 
6615 23RD AVE
KENOSHA, WI 53143
LOVE, BARNELL L,LEMONT, BARNELL
LOVE, BARNELL LEMONT
LOVE, LAMONT B,Residential: 
2002 57TH ST APT 8
KENOSHA, WI 53140-3854
LUCIOUS, JASON,LUCIOUS, JASON RAMONE
LUCIOUS, JASON R,Residential: 
2118 53RD ST UPPR
KENOSHA, WI 53140-3567
LUDFORD, JOSHUA M,LUDFORD, JOSHUA MICHAEL
LUDFORD, JOSHUA
LUDFORD, JOSH,Residential: 
6011 30TH AVE APT 3
KENOSHA, WI 53142-3300
LUHMAN, ROBIN D,LUHMAN, ROBIN DALE
LUHMAN, ROBIN,Residential: 
720 48TH ST
KENOSHA, WI 53140-3351
LUITZE, CHARLES E,,Residential: 
1367 SHERIDAN RD
KENOSHA, WI 53140
LUNA, ISAAC G,LUNA, GEORGIE
LUNA, GEORGE
LUNA, ISAAC
LUNA, ISAAC GABRIEL,Residential: 
6121 75TH ST RM 202
KENOSHA, WI 53142-3505
MACK, MICHAEL S,MACK, MICHAEL
MACK, MICHAEL SEAN
MACK, MACK,Residential: 
2204 60TH ST APT 14
KENOSHA, WI 53140-3858
MAGNUSON, KRISTINA,MAGNUSON, KRISTINA L,Residential: 
7728 70TH AVE
KENOSHA, WI 53142
MANKE, DENNIS C,MANKE, DENNIS
MANKE, DENNIS CARLTON,Residential: 
1802 88TH ST
KENOSHA, WI 53143-6483
MARTIN, EDDIE R,CROWE, STORM
CROWE, STROM
MARTIN, CROW
MARTIN, EDDIE RAY
MARTIN, EDDIE
MARTIN, CISCO,Residential: 
1335 SHERIDAN RD APT 2B
EVERGREEN APTS
KENOSHA, WI 53140-4440
MATHIS, JAMES L,MATHIS, JAMES
MATHIS, JAMES LOUIS
MATHIS, JIM
MATHIS, JIMMY DEAN
MATHIS, JIMMY D,Residential: 
2204 60TH ST APT 9
KENOSHA, WI 53140-3858
MATTHEWS, BRIAN G,MATTHEWS, BRIAN GEORGE
MATTHEWS, BRIAN
MATHEWS, BRIAN GEORGE
MATHEWS, BRIAN GOREGE,Residential: 
6537 7TH AVE APT 3
KENOSHA, WI 53143-5147
MAY, ROBERT,MAY, ROBERT MICHAEL
MAY, ROBERT M,Residential: 
7615 40TH AVE
KENOSHA, WI 53142-4303
MAYS, STEVEN M,MAYS, STEVE
MAYS, STEVEN MICHAEL
MAYS, CASPER
MAYS, STEVEN,Residential: 
2204 60TH ST APT 11
KENOSHA, WI 53140-3858
MAZE, LEE T,MAZE, JACKIE TIMOTHY
MAZE, LT.
MAZE, LIEUTENANT
MAZE, TIMOTHY LEE
MAYS, LEE TIMOTHY
MAZE, JACKIE
MAZE, LEE TIMOTHY
MAZE, TIMOTHY L,Residential: 
6325 24TH AVE APT 3
KENOSHA, WI 53143-4758
MCCOSKEY, TIMOTHY,MCCOSKEY, TIM
MC COSKEY, TIMOTHY
MC COSKEY, TIM,Residential: 
6337 53RD AVE
KENOSHA, WI 53142-3013
MCCRAY, MARK Jr.,MCCRAY, JAY
MCCRAY, MARK D
MCCRAY, MARK
MCCRAY, MARK D Jr.
MCCRAY, MARK DEWAYNE
MC CRAY, MARK
MCCRAY, MARK J,Residential: 
7324 10TH AVE
KENOSHA, WI 53143-5406
MENDEN, BRIAN,MENDEN, BRIAN JAMES
MENDEN, BRIAN JAMES Sr.
MENDEN, BRIAN J
MENDON, BRIAN JAMES,Residential: 
6812 25TH AVE
KENOSHA, WI 53143
MENDOZA, JOHN G,MENDOZA, JOHN GABRIEL
MENDOZA, GABRIEL
MENDOZA, GABRIEL GABRIEL
MENDOZA, JOHN
MENDOZA, GABE,Residential: 
5711 7TH AVE RM 305
KENOSHA, WI 53140-4128
MERCADO, MELCHOR,MERCADO-RODRIGUEZ, MELCHOR
MERCADO RODRIGUEZ, MELCHOR
MERCADO, MELCHOR D
MERCADORODRIGUEZ, MELCHOR,Residential: 
2102 30TH ST
KENOSHA, WI 53140-2257
MIELCAREK, DAVID W,MIELCAREK, DAVID WILLIAM,Residential: 
4823 21ST AVE
KENOSHA, WI 53140-5912
MILLER, LOUIS,MILLER, LOUIS EMIL
MILLER, LOUIS E,Residential: 
2312 63RD ST APT 209
KENOSHA, WI 53143-4361
MILLER, RONALD J,MILLER, RON,Residential: 
5132 29TH AVE
KENOSHA, WI 53140-3006
MIMS, LACHELLE,MIMS, LACHELE L
MIMS, LACHELLE L,Residential: 
6332 24TH AVE
KENOSHA, WI 53143-4702
MIRACLE, JESSE L,MIRACLE, JESSE
MIRACLE, JESSE LEE,Residential: 
6040 31ST AVE
KENOSHA, WI 53142-3305
MISSLER, DAWN L,MISSLER, DAWN LIN
ANDERSON, DAWN L,Residential: 
1000 55TH ST
KENOSHA, WI 53140-3707
MITCHELL, RUSSELL W,RASTA, RUSSELL
MITCHELL, RUSS W
MITCHELL, RUSSEL W,Residential: 
3928 28TH AVE
KENOSHA, WI 53140-2605
MOORE, MAXIMILLION A,MOORE, MAXIMILLION ANTTJUAN
MOORE, MAXIMMILLION A
MOORE, MACIMMILLION
MOORE, MAXIMMILLION ANTTJUAN
MOORE, MAX,Residential: 
5105 19TH AVE
KENOSHA, WI 53140-3255
MOSES, ROBERT W,MOSES, ROBERT WAYNE
MOSES, ROB
MOSES, ROBERT,Residential: 
6040 25TH AVE LOWR REAR
KENOSHA, WI 53143-4310
MOUNCE, SEAN D,MOUNCE, SEAN DANIEL,Residential: 
6011 30TH AVE APT 1
KENOSHA, WI 53142-3300
MUKKA, RYAN L,TOMON, JONATHAN
MUKKA, RYAN LUTHER
TOMON, JONATHAN LUTHER
TOMON, JONATHON L,Residential: 
7325 27TH AVE
KENOSHA, WI 53143-5219
MURPHY, CHRISTOPHER,WINTERFIELD, CHRISTOPHER CARL
MURPHY, CHRISTOPHER C
MURPHY, CHRISTOPHER CARL
WINTERFIELD, CHRISTOPHER
WINTERFIELD, CHRISTOPHER C
MURPHY, MURPH DOG,Residential: 
2514 14TH PL APT 11
KENOSHA, WI 53140-4341
NEEMANN, BRANDON WAYNE,NEEMANN, BRANDON W,Residential: 
1003 43RD ST
KENOSHA, WI 53140-5705
NELSON, GREGORY D,NELSON, GREGORY DEAN
NELSON, GREG,Residential: 
8553 48TH AVE
KENOSHA, WI 53142-4827
NEUBAUM, STEPHEN J,NEUBAUM, STEVE
NEUBAUM, STEPHEN JAMES,Residential: 
6225 7TH AVE APT 207
KENOSHA, WI 53143-4558
NEWELL, ROBERT III,NEWELL, ROBERT SMITH III
NEWELL, ROBERT
NEWELL, ROBERT S III
NEWELL, BOBBY
NEWELL, ROBERT SMITH
NEWELL, ROBERT S,Residential: 
3800 19TH AVE
KENOSHA, WI 53140
NICOLL, GEORGE,NICOLL, GEORGE T,Residential: 
1519 60TH ST
KENOSHA, WI 53140-3954
NIXON, ANTHONY R,NIXON, ANTHONY ROOSEVELT
NIXON, ANTHONY TONY
NIXON, ANTHONEY R
NIXON, TONY ROOSEVELT
NIXON, TONY
NIXON, ANTHONY T,Residential: 
6905 26TH AVE UPPR
KENOSHA, WI 53143-5201
NOEL, ERROL L,NOEL, ANGELO L
NOEL, RORO
BRANTLEY, EARL
NOEL, ERROL LEE
BRANTLEY, EARL LEEANGELO
DAVIS, RICK
NOEL, EARL LEE
NOEL, ERROL LEEANGELO
NOEL, ANGELO
NOEL, EARL L
BRANTLEY, DARNELL LEEANGEL
BRANTLEY, DARNELL
DAVIS, RICK L
TINKINS, RICK
BRANTLEY, DARNELL L
NOEL, EARL
BRANTLEY, EARL L
NOEL, ERROL
NOEL, ANGELO LEEANGELO
DAVIS, RICK LEEANGELO
BRANTLEY, DARNELL LEEANGELO,Residential: 
1201 67TH ST
KENOSHA, WI 53143-1327
NORDQUIST, ADAM N,NORQUIST, ADAM HARRISON
NORDQUIST, ADAM H,Residential: 
5033 21ST AVE
KENOSHA, WI 53140-5914
OCASIO-MARTINEZ, ISMAEL,MARTINEZ, ISMAEL
OCASIO, ISMAEL
OCASZO-MARTINEZ, ISMAEL
OCASIOMARTINEZ, ISMAEL,Residential: 
2403 81ST ST LOWR
KENOSHA, WI 53143-6281
ODONNELL, SCOTT L,O DONNELL, SCOTT
O DONNELL, SCOTT LEE
O'DONNELL, SCOTT L,Residential: 
2217 56TH ST
KENOSHA, WI 53140-3812
OGLESBY, CHRISTOPHER S,OGLESBY, CHRISTOPHE
OGLESBY, CHRISTOPHER SCOTT
OGLESBY, CHRISTOPHR S
OGLESBY, CHRIS SCOTT
OGELSBY, CHRISTOPHER,Residential: 
5412 40TH AVE
KENOSHA, WI 53144-2740
ORTIZ, KENNETH,ORTIZ, KENNETH A
ORTIZ, KENNETH ANGEL,Residential: 
517 60TH ST APT 5
KENOSHA, WI 53140-4181
OSBORN, MAXIE P III,OSBORN, MAX
OSBORNE, MAX
OSBORNE, MAXIE P III
OSBORNE, MAXIE
OSBORNE, MAXEY,Residential: 
1334 SHERIDAN RD LOWR
KENOSHA, WI 53140-4439
PAGAN, ELISARDY,PAGAN, ELISARDI
PAGAN, ELI,Residential: 
2204 60TH ST APT 15
KENOSHA, WI 53140-3858
PALMER, DERREK S,PALMER, SHAWN D
PALMER, DEREK S
PALMER, DERRECK S
PALMER, DERREK SHAWN
PALMER, DEREK SHAWN
PALMER, SHAWN DERRICK
PALMER, DERRICK SHAWN
PALMER, BRIAN
PALMER, DERREK,Residential: 
6100 24TH AVE APT 8
KENOSHA, WI 53143-4308
PARKER, BENJAMIN F,PARKER, BENJAMIN
PARKER, BENJAMIN FRANKLIN
PARKER, BEN,Residential: 
2001 24TH ST
KENOSHA, WI 53140-1881
PATRICK, BRUCE,PATRICK, BURCE
PATRICK, SKY,Residential: 
2025 56TH ST RM 11
KENOSHA, WI 53140-3832
PELKY, DENNIS J,PELKY, DENNIS JAMES Jr.
PELKY, DENNIS
PELKY, DENNIS J Jr.
PELKY, DENNIS JAMES,Residential: 
1501 7TH ST APT 1
KENOSHA, WI 53140-1018
PENDLETON, DOUGLAS J,PENDLETON, DOUGLAS
PENDLETON, DOUGLAS JOHN,Residential: 
4519 40TH AVE
KENOSHA, WI 53144-3507
PEREZ, ALVINO G,PEREZ, VENITO
PEREZ, VINITO
PEREZ, BINITO
PEREZ, ALVINO
PEREZ, BENITO G
PEREZ, AVILA
PEREZ, L REZ
VENITO, PEREZ G
PEREZ, BENITO
PEREZ, VENITA G
PEREZ, ALVINO GARCIA
PEREZ, BINITO G
PEREZ, VENITO G,Residential: 
4046 30TH AVE
KENOSHA, WI 53144-1902
PEREZ, GABRIEL,PEREZ, CHINO
FERNANDEZ, CARLOS
PEREZ, GABRIEL N,Residential: 
4042 30TH AVE
KENOSHA, WI 53144-1902
PERMANN, DAVID J,PERMANN, DAVID
PERMANN, D.P.
PERMANN, DAVID JAMES,Residential: 
2025 56TH ST APT 6
KENOSHA, WI 53140-3832
PERRINE, MICHAEL C,PERRINE, MIKE C
HARTUNG, MICHAEL
HARTWIG, MICHAEL,Residential: 
2814 35TH ST
KENOSHA, WI 53140
PHIPPS, NOVODNY D,PHIPPS, VODNY D,Residential: 
4120 28TH AVE APT 3
KENOSHA, WI 53140-2645
PIKE, PAUL M,,Residential: 
2516 71ST ST
KENOSHA, WI 53143-5273
PIROZZI, DANIEL R,PIROZZI, DANIEL ROBERT,Residential: 
8242 23RD AVE
KENOSHA, WI 53143-6218
PLETZ, RICHARD,PLETZ, RICHARD J
PLETZ, RICHARD JOHN,Residential: 
2204 60TH ST APT 12
KENOSHA, WI 53140-3858
PLUNKETT, RONALD R,PLUNKETT, RONALD RAYMOND
PLUNKETT, RON,Residential: 
5711 7TH AVE RM 204
KENOSHA, WI 53140-4128
PORTER, DARYL R,PORTER, DARYL
PORTER, DARYL RAYMOND,Residential: 
1753 15TH AVE APT 5
KENOSHA, WI 53140-4510
POST, JOSHUA W,,Residential: 
1407 87TH ST
KENOSHA, WI 53143-6435
POTTS, ERIC J,POTTS, ERIC JOHN
POTTS, ERIC,Residential: 
6918 61ST AVE
KENOSHA, WI 53142-1428
PUERTO, JOSE,PUERTO, JOSE D J
PUERTO-RODRIGUEZ, JOSE DE JESUS
PUERTO, JESUS
PUERTO, JOSE J
PUERTO, JOSE D
PUERTO, JOSE DE JESUS,Residential: 
4777 88TH AVE
KENOSHA, WI 53144-7439
PUTNAM, NICHOLAS R,,Residential: 
4202 45TH ST
KENOSHA, WI 53144-3443
QUINN, JAKE R,QUINN, GHOST
GHOST, GHOST
QUINN, JAKE J
BOWMAN, JAKE T
JEKINS, ALEX J
BOWMAN, JAKE JAMES
QUINN, GHOST R
QUINN, JAKE JAMES
BOWMAN, JAKE J
QUINN, JACOB R
QUINN-BOWMAN, JAKE R
GHOST, QUINN
QUINN, JAKE RANDALL
BOWMAN, JAKE,Residential: 
7029 26TH AVE
KENOSHA, WI 53143-5276
RADTKE, PETER D,RADTKE, PETER
RADTKE, JOHN
RADTKE, PETER DANIEL,Residential: 
7832 14TH AVE
KENOSHA, WI 53143-5906
RAMIREZ, DAVID,RAMIREZ, DAVID NMI
RAMIREZ, MAD DOG,Residential: 
1915 44TH PL LOWR REAR
KENOSHA, WI 53140-2787
RAMOS, ROBERT R,,Residential: 
3415 SHERIDAN RD
KENOSHA, WI 53140-1924
RANNICK, PATRICK D,RANNICK, PATRICK DENNIS,Residential: 
8734 47TH AVE
KENOSHA, WI 53142
RASHADA, JAMEEL,,Residential: 
1000 55TH ST
KENOSHA, WI 53140-3707
REED, JOHN EVERETT,REED, JOHN
REED, JOHN E,Residential: 
4302 16TH ST
KENOSHA, WI 53144-1227
REYNA, JASON P,,Residential: 
8075 50TH AVE
KENOSHA, WI 53142
RIBAR, JAMES A,,Residential: 
6205 80TH PL
KENOSHA, WI 53142
RICKARD, MICHAEL B,BURKE, MICHAEL
RICKARD, MICHAEL BURKE,Residential: 
4719 22ND AVE
KENOSHA, WI 53140
RIOS, JOSE,RIOS, JOSE NMI
RIOS, JOSE III
RIOS, WEDO
RIOS, FLACO
RIOS, JOSE N,Residential: 
1509 54TH ST UPPR
KENOSHA, WI 53140-6021
RIVERA, NOE A,,Residential: 
2218 53RD ST UPPR
KENOSHA, WI 53140-3524
ROBERTS, JAMES A,ROBERTS, ROCK
ROBERTS, JAY,Residential: 
3559 10TH AVE
KENOSHA, WI 53140-2503
ROBINSON, AARON T,ROBINSON, AARON TERRELL,Residential: 
6029 18TH AVE APT 6
KENOSHA, WI 53143-4424
ROBINSON, DAVID,ROBINSON, DAVID L,Residential: 
6530 14TH AVE
KENOSHA, WI 53143
ROMERO, JAVIER R,ROMERO, JAVIER
ROMERO- SANTIAGO, JAVIER ROBERTO Jr.,Residential: 
6814 25TH AVE
KENOSHA, WI 53143-4756
ROWELL, DENARD A,ROWELL BEY, BROTHER DENARD
ROWELL, DENARD ANTWAUN
ROW EL BEY, BRO. DENARD
ROWELL, DENARD,Residential: 
4777 88TH AVE
KENOSHA, WI 53144-7439
RUFFOLO, FRANK S,RUFFOLO, FRANK SAM,Residential: 
6522 51ST AVE
KENOSHA, WI 53142-3010
RUSSELL, THOMAS H,RUSSELL, THOMAS A,Residential: 
6630 21ST AVE LOWR
KENOSHA, WI 53143
RUZZICONE, CAMERON M,RUZZICONE, CAMERON MICKEY
RUZZICONE, CAMERON,Residential: 
7517 14TH AVE
KENOSHA, WI 53143-1501
SABBY, WALTER L,,Residential: 
1721 19TH AVE
KENOSHA, WI 53140
SALDIVAR, ALLEN J,SALDIVAR, ALAN J
SADIVAR, ALLEN J,Residential: 
5223 24TH AVE APT C
KENOSHA, WI 53140-3583
SANFORD, EDWARD G,SANDFORD, EDWARD G
DAVIS, EDWARD E
SANDFORD, EDWARD
DAVIS, EDWARD CYRIL
DAVIS, E GILBERTSON,Residential: 
6907 14TH AVE
KENOSHA, WI 53143-5443
SAUCEDA, ABEL,SAUCEDA, ABEL N,Residential: 
2204 60TH ST APT 6
KENOSHA, WI 53140-3855
SAUCEDA, JUAN L,SAUCEDA, CHOMPS,Residential: 
7622 28TH AVE
KENOSHA, WI 53143
SAUCERMAN, MICHAEL BRUCE,SAUCERMAN, MICHAEL
SAUCERMAN, MIKE BRUCE
SCHUNK, STEVE
SAUCERMAN, MIKE
SAUCERMAN, MICHAEL B
SAUCERMAN MIKE, BRUCE,Residential: 
6327 30TH AVE UPPR
KENOSHA, WI 53142-3456
SAWYER, MATTHEW,,Residential: 
1000 55TH ST
KENOSHA, WI 53140-3707
SAXON, CHARLES M,SAXON, CHARLES
SAXON, CHARLES MURRAY
SAXON, MURRAY,Residential: 
4777 88TH AVE
KENOSHA, WI 53144-7439
SCHAAF, MICHAEL A,SCHAAF, MICHAEL
SCHAAF, MICHAEL ALLEN,Residential: 
1710 15TH AVE
KENOSHA, WI 53140
SCHMITT, ADAM M,SCHMITT, A M
SCHMITT, SONIC
MESSIAH, SONIC
SCHMITT, ADAM MICHAEL
SCARY, MR
SCHMITT, A M
SCHMITT, ADAM
SCHMITT, CHEERIO,Residential: 
2204 60TH ST APT 4
KENOSHA, WI 53140-3855
SCHRADER, JOHN N,SCHANDER, JOHN NICHOLIS
SCHRADER, JOHN
SCHRADER, JOHN NICOLAS,Residential: 
6731 26TH AVE UPPR
KENOSHA, WI 53143-4730
SCOTT, TRIVEON,SCOTT, TRIVEON D
SCOTT, TRIVEON DONYEALL
SCOTT, FINGERS,Residential: 
4846 42ND AVE
KENOSHA, WI 53144-3550
SHANNON, MARK D,,Residential: 
4721 21ST AVE UPPR
KENOSHA, WI 53140
SHARRARD, STEVEN,SHARRARD, STEVEN R,Residential: 
5007 24TH AVE
KENOSHA, WI 53140-5943
SHELLEY, ANTHONY L,SHELLEY, ANTHONY
BANKHEAD, ANTHONY,Residential: 
826 65TH ST STOP 3
KENOSHA, WI 53143-5042
SHERROD, WILLIAM T Jr.,SHERROD, WILL KILL CVL
SHERROD, WILLIAM
SHERROD, T
SHERROD, WILLIAM N
SHERROD, WILLIAM Jr.,Residential: 
9047 16TH AVE APT 102
KENOSHA, WI 53143-6821
SIGMAN, JEREMY,SIGMAN, JEREMY L,Residential: 
8211 12TH PL
KENOSHA, WI 53144
SILVA, ADOL,SILVA-MIRANDA, ADOLFO
SILVA MIRANDA, ADOLFO
SILVAMIRANDA, ADOLFO
SILVA, ADOLFO
MIRANDA, ADOLFO,Residential: 
4777 88TH AVE
KENOSHA, WI 53144-7439
SIMMONS, DARREN S,SIMMONS, DARREN SCOTTY
SIMMONS, DARREN,Residential: 
4777 88TH AVE
KENOSHA, WI 53144-7439
SIMONELLI, JOHN M,SIMONELLI, JOHN MICHAEL,Residential: 
6922 53RD ST UNIT 56
KENOSHA, WI 53144-7840
SIMS, PETER S,SIMS, PETER SYLESTER
SIMS, PETEY
SIMS, PETER,Residential: 
5140 25TH AVE
KENOSHA, WI 53140-5826
SIZEMORE, NATHANIEL,SIZEMORE, NATHANIEL J
FOREST-DANCER, WYLLOW
SIZEMORE, N.J. V
SIZEMORE, NATHANIEL JOHN
SIZEMORE, NATE
NATE,Residential: 
6121 75TH ST RM 103
KENOSHA, WI 53142-3505
SLEDGE, ROY L,SLEDGE, ROY LEE,Residential: 
4827 40TH AVE
KENOSHA, WI 53144
SMALLEY, BARRY L,SMALLEY, BARRY,Residential: 
5126 75TH ST LOWR
KENOSHA, WI 53142
SMITH, GORDON,SMITH, GORDON H,Residential: 
5039 26TH AVE
KENOSHA, WI 53140
SMITH, STEPHEN,SMITH, JERRY,Residential: 
779 SHERIDAN RD # 9
KENOSHA, WI 53140-1150
SMITH, WILLIAM R Jr.,SMITH, SILLY
SMITH, BILLY
SMITH, WILLIAM R
SMITH, WILLIAM
SMITH, BALEL
SMITH, BILAL
WALKER, DAVID
SMITH, WILLIAM ROGER Jr.
SMITH, WM,Residential: 
1000 55TH ST
KENOSHA, WI 53140-3707
SMOGER, DAVID L,SMOGER, DAVID
SMOGER, HEFTY
SMOGER, DAVID LEE,Residential: 
4725 8TH AVE LOWR FRNT
KENOSHA, WI 53140-3303
SOLTREN, MATTHEW L,SOLTREN, LOUIS,Residential: 
7550 26TH AVE
KENOSHA, WI 53143-5604
SPIERLING, DONALD F,SPIERLING, DONALD FORBES
SPIEDLING, DONALD F
SPIEDLING, DONALD FORBES
SPIERLING, DON
SPIERLING, DONALD
SPIEDLING, DONALD
SPIERUNG, DONALD F
SPIERLING, DNOALD FORBES,Residential: 
711 16TH PL
KENOSHA, WI 53140-4407
ST JOHN, NICHOLAS E,ST JOHN, NICHOLAS EDWARD
SAINTJOHN, NICHOLAS
SAINT JOHN, NICHOLAS
SAINT JOHN, NICHOLAS E
SAINTJOHN, NICHOLAS E
STJOHN, NICHOLAS E
STJOHN, NICHOLAS
ST JOHN, NICHOLAS,Residential: 
6036 33RD AVE
KENOSHA, WI 53142-3315
STANBERY, IAN J,STANBERY, IAN
STANBERY, YUM YUM
STANBERY, IAN T,Residential: 
6011 30TH AVE APT 1
KENOSHA, WI 53142-3300
STANLEY, CHRISTOPHER JAMES,STANLEY, CHRISTOPHER J
STANLEY, CHRIS,Residential: 
4777 88TH AVE
KENOSHA, WI 53144-7439
STARLING, JOHN E,STARLING, JOHN,Residential: 
5701 52ND ST
KENOSHA, WI 53144-2238
STEIN, MATTHEW S,STEIN, MATTHEW STEVEN,Residential: 
6225 32ND AVE
KENOSHA, WI 53142-3310
STEWART, ALONZO E,SMITH, ALONZO EUGENE
STEWART, ALONZO EUGENE
STEWART, ALONZO
STEWART, LONNIE
SMITH, ALONZO
STEWART, LONNIE E,Residential: 
6628 15TH AVE LOWR
KENOSHA, WI 53143-4911
STEWART, MICHAEL R,STEWART, MIGUEL
STEWART, MIKE
STEWART, SCOOBY,Residential: 
8319 COOPER RD
KENOSHA, WI 53142-4823
STRUNK, SCOTT A,STRUNK, SCOTT ALLAN,Residential: 
5505 6TH AVE APT 1
KENOSHA, WI 53140
SUCHY, JOSEPH M,SUCHY, JOE,Residential: 
6723 102ND AVE
KENOSHA, WI 53142
SWAIN, JAMES A,SWAN, JAMES A
SWAIN, JAMES
HUMPHREYS, JAMES
SWAIN, JAMES ALLEN,Residential: 
5911 80TH PL
KENOSHA, WI 53142-4148
TAMARIZ, JHONANTAN,TAMARIZ, JONNY
TAMARIZ, JHONATAN
TAMARIZ-GARCIA, JHONATAN
TAMARIZ, JHONANTAN NMI,Residential: 
4777 88TH AVE
KENOSHA, WI 53144-7439
TAYLOR, BILLY L Jr.,,Residential: 
6030 15TH AVE
KENOSHA, WI 53143-4422
TELLEZ, ISAIAS R,TELLEZ, ISAIAAS R
TELLEZ, IKE,Residential: 
1426 59TH ST APT 6
KENOSHA, WI 53140-3961
THIELE, JASON K,THIELE, JASON KENT
THIELE, JASON,Residential: 
7203 22ND AVE
KENOSHA, WI 53143-5312
THOMAS, BRANDON A,THOMAS, BRANDON
BRANDON, THOMAS A
THOMAS, BRANDON AVERY,Residential: 
7812 18TH AVE
KENOSHA, WI 53143-5839
THOMAS, JOHNNY L,THOMAS, JT
THOMAS, JOHNNY LEE
THOMAS, JOHNNY,Residential: 
3913 28TH AVE
KENOSHA, WI 53140-2604
THOMAS, JOSEPH M,THOMAS, JOSEPH MICHAEL
THOMAS, JOE M,Residential: 
5711 7TH AVE # 311
KENOSHA, WI 53140-4128
THOMAS, ROSEMARY,MACIAS, ROSEMARY,Residential: 
7812 18TH AVE
KENOSHA, WI 53143-5839
THOMPSON, CARL W,THOMPSON, CARL W Jr.
THOMPSON, PSYCHO
THOMPSON, CARL W Jr.,Residential: 
8011 27TH AVE UPPR
KENOSHA, WI 53143-6202
THOMPSON, CHRISTOPHER,THOMPSON, CHRISTOPHER B
THOMPSON, CHRISTOPHE B
THOMPSON, CHRISTOPHER B Sr.
BELL, CHRISTOPHER
THOMPSON, CHRISTOPHER BELL Sr.,Residential: 
2204 60TH ST APT 10
KENOSHA, WI 53140-3858
THOMPSON, ROBERT L,GOV, GOV
THOMPSON, GOV
THOMPSON, ROBERT LOKEN
THOMPSON, ROBERT LORIN
THOMPSON, BOB
THOMPSON, GOVERNOR
GOVERNOR, GOVERNOR
THOMPSON, ROBERT LOREN,Residential: 
5505 6TH AVE APT 4
KENOSHA, WI 53140-3763
THURMOND, RICHARD G,THURMOND, RICHARD GRADY,Residential: 
815 16TH PL
KENOSHA, WI 53140-4466
TRAVER, EUGENE,TRAVER, EUGENE P
TRAVER, EUGENE PAUL,Residential: 
3415 SHERIDAN RD
KENOSHA, WI 53140-1924
TRAVER, JOSEPH B,TRAVER, TILA G
TRAVER, JOSEPH BRADLEY
TRAVER, JOSEPH,Residential: 
6828 SHERIDAN RD APT 1
KENOSHA, WI 53143-1320
TURNER, COY W,TURNER, C.W.,Residential: 
2519 34TH ST
KENOSHA, WI 53140-2134
TURNER, PAUL A,TURNER, PAUL ALEXANDER
TURNER, PAUL,Residential: 
2618 29TH ST
KENOSHA, WI 53140-2080
TYLER, CLARENCE O,TYLER-SHAW, CLARENCE OSBY
TYLER, CLARENCE OSBEY
OSBEY, TYLER
TYLER, NUN
SHAWTYLER, CLARENCE OSBY
TYLERSHAW, CLARENCE OSBY
SHAW-TYLER, CLARENCE O
TYER, CLARENCE OSBY
SHAW-TYER, CLARENCE O
SHAW, CLARENCE
SHAW TYLER, CLARENCE OSBY
TYLER-SHAW, CLARENCE O
TYLER, CLARENCE OSBY
SHAW, CLARENCE O
SHAWTYER, CLARENCE OSBY
SHAW TYER, CLARENCE OSBY
SHAW, CLARENCE OSBY
TYLER SHAW, CLARENCE OSBY,Residential: 
6034 30TH AVE APT A
KENOSHA, WI 53142-3382
TYLER, SYLVANUS A,TYLER, ALEX
TYLER, SYLVANUS ALEXANDER
TYLER, SYLVANUS ALEXANDER III,Residential: 
1127 68TH ST APT 5
KENOSHA, WI 53143-1324
UTTERBACK, MICHAEL J,UTTERBACK, MICHAEL
UTTERBACK, MICHAEL JAMES
UTTERBACK, CRAZY MIKE,Residential: 
10919 60TH ST APT 2
KENOSHA, WI 53144-7403
VAIL, GENE H,,Residential: 
1703 60TH ST
KENOSHA, WI 53140-3986
VALDEZ, DANIEL P,VALDEZ, MIKE,Residential: 
1916 43RD ST APT 5
KENOSHA, WI 53140-2700
VAUGHN, TREON D,VAUGHN, TREON DWON
VAUGHN, LIL BRO
VAUGHN, TREON
VAUGHN, BIG G,Residential: 
3913 28TH AVE
KENOSHA, WI 53140-2604
VITE, TIMOTHY J,VITE, TIM
VITE, TIMOTHY JEFFERY
THOMAS, MARK
THOMAS, MARK JEFFERY,Residential: 
1426 59TH ST APT 13
KENOSHA, WI 53140-3976
WADE, ROBERT,WADE, ROBBIE
WADE, ROBERT J
WADE, ROBERT JOHN,Residential: 
4301 21ST AVE LOWR
KENOSHA, WI 53140-2763
WAGNON, ROBERT C,,Residential: 
6818 7TH ST
KENOSHA, WI 53144-7231
WALLACE, CHARLES,WALLACE, CHARLES H,Residential: 
6335 13TH AVE
KENOSHA, WI 53143
WALTON, DARRYL L,WALTON, DARRYL LYMAN
WALTON, DARRYL
RAGLIN, MARCUS LYMAN
WALTON, KEILAND L
WALTON, DARRYL LAMAN
RAGLIN, MARCUS,Residential: 
4202 32ND AVE
KENOSHA, WI 53144-1947
WARDEN, ROBERT M,HERNANDEZ, HECTOR
WARDEN, TITO
WARDEN, ROBERT
RIVERA, MICHAEL
WARDEN, ROBERT MICHAEL Sr.
FLORRES, VICTOR
HERNANDEZ, RICKY
FLORES, VICTOR
WARDEN, MICHAEL,Residential: 
6306 24TH AVE UPPR
KENOSHA, WI 53143-4702
WARNER, DAVID R,LUECK, JOHN D,Residential: 
1506 74TH ST
KENOSHA, WI 53143-5368
WASHA, LEON E,WASHA, LEON,Residential: 
5711 7TH AVE APT 312
KENOSHA, WI 53140-4128
WASHINGTON, STANLEY,WASHINGTON, STANLEY D,Residential: 
818 49TH ST
KENOSHA, WI 53140-3333
WATKINS, CHRISTOPHER A Jr.,WATKINS, SHORTY
WATKINS, CHRISTOPHER Jr.
WATKINS, CHRISTOPHER A
WATKINS, CHRIS
WATKINS, CHRISTOPHER
WATKINS, CHRIS A
WATKINS, CHRIS Jr.
WATKINS, CHRISTOPHER ANTONIO Jr.
WATKINS, CHRIS A Jr.,Residential: 
4802 32ND AVE
KENOSHA, WI 53144-6708
WATSON, WADEFIELD Jr.,WATSON, WADEFIELD
WINFIELD, WATSON
WATSON, TOMMIE,Residential: 
4202 45TH ST
KENOSHA, WI 53144-3443
WATSON, WILLIAM P,WATSON, WILLIAM
WATSON, WILLIAM POWELL
WATSON, WILLIAM PAUL,Residential: 
3514 60TH ST APT 3
KENOSHA, WI 53144-4153
WEISINGER, DAVID L,,Residential: 
2806 23RD AVE
KENOSHA, WI 53140-2013
WELCH, TIMOTHY B,WELCH, TIMOTHY BERNARD,Residential: 
1935 56TH ST
KENOSHA, WI 53140-3832
WELLS, STEVEN,WELLS, STEVEN J
WELLS, STEVEN W,Residential: 
5922 10TH AVE APT 103
KENOSHA, WI 53140-4058
WESLEY, LOUIS C III,ROBINSON, SCOTT
WESLEY, LOUIS
WESLEY, BOOM CALVIN III
WILLIAMS, JOROME W
WESLEY, BOOM
WILLIAMS, JEROME W
WESLEY, LEWIS CALVIN
WESLEY, LOUIS CALVIN
WESLEY, LOUIS III
WESLEY, LOUIS CALVIN III
WESLEY, LOUIS C
EGERSTON, DAVID C,Residential: 
6100 24TH AVE RM 14
KENOSHA, WI 53143-4308
WHEELER, GEORGE C,WHEELER, GEORGE
WHEELER, MAX
WHEELER, MICK FLY,Residential: 
6226 46TH PL
KENOSHA, WI 53144-1703
WHEELER, KENNETH L,,Residential: 
1302 69TH ST LOWR
KENOSHA, WI 53143-5457
WIGHTMAN, MARK A,BIRDMAN
BATMAN,Residential: 
6814 23RD AVE UPPR
KENOSHA, WI 53143-1232
WILLARD, AMANDA M,WILLARD, AMANDA
WILLARD, AMANDA MARIE
PIKE, DEANNA
WILLIARD, DEANNA
WILLARD, SHORTY
WILLARD, DEANNA,Residential: 
1000 55TH ST
KENOSHA, WI 53140-3707
WILLIAMS, ANTHONY G,WILLIAMS, ANTHONY
WILLIAMS, BUCKSHOT
WILLIAMS, ANTHONY GRADY
WILLIAMS, BUCKWEEZIE
KELLY, BRIAN
WILLIAMS, BRIAN,Residential: 
2025 56TH ST APT 9
KENOSHA, WI 53140-3832
WILLIAMS, KEITH E,WILLIAMS, BOBBY E
MASTERS, JOVAN T
MASTER, J T
WILLIAMS, BOBBY
WILLIAMS, SCONY
WILLIAMS, KEVIN E
WILLIAMS, KEITH ERIC
WILLIAMS, KEITH,Residential: 
1000 55TH ST
KENOSHA, WI 53140-3707
WINKER, ROBERT J,,Residential: 
5215 58TH AVE APT 24
KENOSHA, WI 53144-2286
WREN, DONNY O,BROWN, MARK
WREN, DONNY N
WREN, D-BOSS,Residential: 
7003 64TH AVE
KENOSHA, WI 53142
WREN, MICHAEL ROBERT,POHLMAN, MIKE R
WREN, MICHAEL R
POHLMAN, MICHAEL R,Residential: 
8926 32ND AVE
KENOSHA, WI 53142-5404
WRIGHT, ALLEN Q,Wright, Quincy
Wright, Allen Quiny
WRIGHT, ALLEN QUINCY
WRIGHT, ALEN Q
WRIGHT, Q
WRIGHT, ALLEM Q,Residential: 
4107 28TH AVE APT 4
KENOSHA, WI 53140-2648
WRIGHT, THOMAS E,,Residential: 
4831 46TH AVE
KENOSHA, WI 53144-2022
XIONG, THAO,XIONG, THAO NMI,Residential: 
4777 88TH AVE
KENOSHA, WI 53144-7439
YANG, POR YE,YANG, POR Y,Residential: 
4777 88TH AVE
KENOSHA, WI 53144-7439
YOUNG, MARK A,YOUNG, MARK AMBORSE
YOUNG, MARK AMBROSE Jr.
YOUNG, MARK
YOUNG, MARK A Jr.
YOUNG, MARK AMBROSE,Residential: 
7204 31ST AVE
KENOSHA, WI 53142-3912
YUSUF, NASER A,YUSEF, ZOHAN
YUSUF, NASER AHMED,Residential: 
2121 45TH ST
KENOSHA, WI 53140-2781
ZABEL, JEREMY M,ZABEL, JEREMY
ZABEL, JEREMY MICHAEL,Residential: 
4514 TAFT RD
KENOSHA, WI 53142-3163
ZAMORA, ELISEO G III,ZAMORA, ELISEO Q
ZAMORA, ELISEO GETULIO
ZAMORA, ELISEO GETILIO III
ZAMORA, ELISEO G
ZAMORA, ELISEO GETULIO III
ZAMORA, ELISEO GETILIO
ZAMORA, ELI
ZAMORA, ELISEO
GETILIO, ELISEO,Residential: 
4701 24TH AVE
KENOSHA, WI 53140-5939
ZAMORA, MICHAEL,ZAMORA, MICHAEL DANIEL
ZAMORA, MICHAEL D,Residential: 
7010 40TH AVE
KENOSHA, WI 53142-1733
ZARLETTI, THOMAS D,ZARLETTI, TOMMY,Residential: 
6317 23RD AVE APT 1
KENOSHA, WI 53143-4801
ZIEGLER, STEVEN M,ZIEGLER, STEVEN MICHAEL
Z, STEVIE
ZIEGLER, STEVEN
ZIEGLERO, STEVE
Z, STEVE,Residential: 
779 SHERIDAN RD RM 2
KENOSHA, WI 53140-1150
ZIELSDORF, ADAM J,ZIELSDORF, ADAM JAMES
ZIELSDORF, ADAM,Residential: 
6011 30TH AVE APT 3
KENOSHA, WI 53142-3300
ZIMMERMAN, WILLIAM A,ZIMMERMAN, WILLIAM ALLEN
ZIMMERMAN, WILLIAM,Residential: 
4610 20TH AVE
KENOSHA, WI 53140-5901